<?xml version="16.5.4" encoding="UTF-8" standalone="yes"?>
<addon id="script.squidtvguide" name="Squid TV Guide" version="1.0.1" provider-name="xBloodSquidx">
    <requires>
        <import addon="xbmc.python" version="2.1.0"/>
        <import addon="script.module.simplejson" version="2.0.10"/>
        <import addon="script.module.buggalo" version="1.1.2"/>
    </requires>
    <extension point="xbmc.python.script" library="addon.py"/>
    <extension point="xbmc.service" library="service.py" start="login" />
    <extension point="xbmc.addon.metadata">
        <summary>TV Guide for Squid TV</summary>
        <description>The official TV Guide for Squid TV. Access hundreds of channels from the US, UK, and more. Integrates USTVNow, Dexter IPTV, and other streaming sources to create a complete television experience.</description>
        <language></language>
        <platform>all</platform>
        <license>GPLv2</license>
    </extension>
</addon>
