<?xml version="1.0"?>
<addon id="repository.xBloodSquidx" name="xBloodSquidx Repo" version="2.0" provider-name="xBloodSquidx">
    <extension point="xbmc.addon.repository" name="xBloodSquidx Repository">
        <info compressed="false">https://raw.githubusercontent.com/xBloodSquidx/repo/master/addons.xml</info>
        <checksum>https://raw.githubusercontent.com/xBloodSquidx/repo/master/addons.xml.md5</checksum>
        <datadir zip="true">https://github.com/xBloodSquidx/repo/raw/master/zips</datadir>
    </extension>
    <extension point="xbmc.addon.metadata">
        <summary></summary>
        <description></description>
        <platform>all</platform>
    </extension>
</addon>
